{"cameraMode":{"drawMode":0,"name":"Shaded","section":"Shading Mode"},"sceneLighting":true,"audioPlay":false,"sceneViewState":{"m_AlwaysRefresh":false,"showFog":true,"showSkybox":true,"showFlares":true,"showImageEffects":true,"showParticleSystems":true,"showVisualEffectGraphs":true,"m_FxEnabled":true},"in2DMode":false,"pivot":{"x":-0.6467002630233765,"y":4.369004726409912,"z":1.4801743030548096},"rotation":{"x":-0.024235136806964875,"y":0.07699934393167496,"z":-0.0018719581421464682,"w":-0.9967421293258667},"size":5.066657066345215,"orthographic":false}